Condition,Voltage,Current,Temperature
normal,8.396051709,457.0064635,2.236259756
normal,9.387919643,454.2750695,3.470907641
normal,10.04223429,452.6198511,11.55998201
normal,11.63244538,454.5385586,12.59713579
normal,9.450850411,452.4795205,5.837631181
failed,32.28369468,4522.218782,54.80419509
failed,29.79042122,4532.282622,63.56319007
failed,27.83519595,4538.483198,60.70261914
failed,29.43951878,4539.856775,59.37684643
failed,30.1083166,4526.306558,51.83864153
